{"cameraMode":{"drawMode":0,"name":"Shaded","section":"Shading Mode"},"sceneLighting":true,"audioPlay":false,"sceneViewState":{"m_AlwaysRefresh":false,"showFog":true,"showSkybox":true,"showFlares":true,"showImageEffects":true,"showParticleSystems":true,"showVisualEffectGraphs":true,"m_FxEnabled":true},"in2DMode":false,"pivot":{"x":169.01226806640626,"y":0.8652725219726563,"z":-9.577041625976563},"rotation":{"x":0.18514740467071534,"y":0.23762378096580506,"z":-0.04619275778532028,"w":0.9524319767951965},"size":36.95383071899414,"orthographic":false}